recording,file,rows,bytes,span_s,median_hz
2023-08-04_21-47-58,Accelerometer,490560,47866373,8809.854577392578,55.68470709787431
2023-08-04_21-47-58,Barometer,440483,32443222,8809.7002109375,49.98108625921644
2023-08-04_21-47-58,Gravity,490560,47209233,8809.854577392578,55.68470709787431
2023-08-04_21-47-58,Gyroscope,490563,49184836,8809.526782714844,55.68470709787431
2023-08-04_21-47-58,Location,8784,1563151,8810.124723876954,0.9999880372523422
2023-08-04_21-47-58,LocationGps,8035,1617722,8809.124735839845,0.999985107643948
2023-08-04_21-47-58,LocationNetwork,758,73433,8808.371,0.19833399444663355
2023-08-04_21-47-58,Magnetometer,880952,83283565,8809.51099609375,100.00000000009095
2023-08-04_21-47-58,Orientation,490560,85899808,8809.863579589844,55.68470709787431
2023-08-04_21-47-58,TotalAcceleration,490560,46907631,8809.513314453125,55.68470709787431
2023-08-06_14-48-05,Accelerometer,496665,48658349,8920.736580322266,55.67713784701483
2023-08-06_14-48-05,Barometer,446013,33424251,8920.24000390625,49.96889143734561
2023-08-06_14-48-05,Gravity,496665,47878031,8920.727624023437,55.67713784692673
2023-08-06_14-48-05,Gyroscope,496666,50206101,8920.433508544922,55.67713784692673
2023-08-06_14-48-05,Location,9207,1739002,8920.116466064454,0.9999880372523422
2023-08-06_14-48-05,LocationGps,8921,1835111,8920.116466064454,0.9999865724459994
2023-08-06_14-48-05,LocationNetwork,445,47069,8914.517,0.05072151321591691
2023-08-06_14-48-05,Magnetometer,892066,84314549,8920.650041259767,100.00000000009095
2023-08-06_14-48-05,Orientation,496665,86744550,8920.736600097656,55.67713784701483
2023-08-06_14-48-05,TotalAcceleration,496665,47635755,8920.431252197264,55.67713784692673
2023-08-09_12-47-42,Accelerometer,290192,28857463,5211.343953369141,55.68395008006217
2023-08-09_12-47-42,Barometer,260573,19590784,5211.459892578125,49.99938965583342
2023-08-09_12-47-42,Gravity,290192,27971129,5211.3349775390625,55.68395008006217
2023-08-09_12-47-42,Gyroscope,290193,29279585,5211.240809326172,55.68395008006217
2023-08-09_12-47-42,Location,5846,970197,5209.935643554688,1.0000009765627043
2023-08-09_12-47-42,LocationGps,5174,1026531,5207.888728515625,0.9999851076434932
2023-08-09_12-47-42,LocationNetwork,725,71651,5206.529000244141,0.19900497995871458
2023-08-09_12-47-42,Magnetometer,521104,49589538,5211.0300024414055,100.00000000009095
2023-08-09_12-47-42,Orientation,290192,51309848,5211.3349775390625,55.68395008006217
2023-08-09_12-47-42,TotalAcceleration,290191,27869781,5211.253787841797,55.68395008006217
2023-08-09_16-37-41,Accelerometer,143811,14069301,2583.0751171875,55.67562424310078
2023-08-09_16-37-41,Barometer,129173,9766569,2583.4403051757813,49.989626176258554
2023-08-09_16-37-41,Gravity,143811,13915267,2583.0840930175787,55.67562424310078
2023-08-09_16-37-41,Gyroscope,143810,14527421,2582.9875578613282,55.67486747504365
2023-08-09_16-37-41,Location,2724,504022,2616.3473583984373,0.9999931641094735
2023-08-09_16-37-41,LocationGps,2580,531736,2579.3633225097656,0.9999868165801676
2023-08-09_16-37-41,LocationNetwork,195,19440,2610.876,0.09080177870841769
2023-08-09_16-37-41,Magnetometer,258372,24759701,2583.7100114746095,100.00000000009095
2023-08-09_16-37-41,Orientation,143809,25083180,2583.0751074218756,55.67562424310078
2023-08-09_16-37-41,TotalAcceleration,143811,13816085,2582.985296386719,55.67486747433886
2024-06-20_16-55-50,Accelerometer,468517,45820288,8412.573093261719,55.69455020071534
2024-06-20_16-55-50,Barometer,420628,31603770,8412.540581298828,49.99755871316718
2024-06-20_16-55-50,Gravity,468517,45215957,8412.56410986328,55.69455020071534
2024-06-20_16-55-50,Gyroscope,468518,47151839,8412.582071289062,55.694550201244304
2024-06-20_16-55-50,Location,8744,1628583,8412.118896972655,0.999988037252797
2024-06-20_16-55-50,LocationGps,8391,1725984,8412.118896972655,0.9999860841780205
2024-06-20_16-55-50,LocationNetwork,572,55233,8442.47400024414,0.051907604464053105
2024-06-20_16-55-50,Magnetometer,841258,79466027,8412.56999951172,100.00000000009095
2024-06-20_16-55-50,Orientation,468513,81825655,8412.501269042968,55.69455020071534
2024-06-20_16-55-50,TotalAcceleration,468517,44924257,8412.564092285156,55.69455020071534
2025-03-01_15-04-26,Accelerometer,544996,53268928,5449.959998046876,100.00000000009095
2025-03-01_15-04-26,AccelerometerUncalibrated,329215,31354129,5449.90468017578,60.403179424556434
2025-03-01_15-04-26,Barometer,136247,10142517,5449.839987792969,24.999847413038417
2025-03-01_15-04-26,Compass,544996,30990908,5449.949997802734,100.00000000009095
2025-03-01_15-04-26,Gravity,544996,51973104,5449.959998046876,100.00000000009095
2025-03-01_15-04-26,Gyroscope,329218,33169612,5449.954334960938,60.403179424556434
2025-03-01_15-04-26,GyroscopeUncalibrated,329216,33048937,5449.921231933594,60.403179424556434
2025-03-01_15-04-26,Location,5457,1025406,5447.979101806641,1.0
2025-03-01_15-04-26,Magnetometer,544996,49820185,5449.949997802734,100.00000000009095
2025-03-01_15-04-26,MagnetometerUncalibrated,544994,51325657,5449.929997802734,100.00000000009095
2025-03-01_15-04-26,Orientation,544994,95162399,5449.939998046875,100.00000000009095
2025-03-01_15-04-26,TotalAcceleration,329217,31355842,5449.937786621093,60.403179424556434
2025-03-01_16-46-39,Accelerometer,536753,52393694,5367.519998291015,100.00000000009095
2025-03-01_16-46-39,AccelerometerUncalibrated,324273,30895736,5367.476948486328,60.41476149743246
2025-03-01_16-46-39,Barometer,134186,10024011,5367.399997802734,24.99984741289631
2025-03-01_16-46-39,Compass,536751,30451253,5367.499998046876,100.00000000009095
2025-03-01_16-46-39,Gravity,536753,51180852,5367.519998291015,100.00000000009095
2025-03-01_16-46-39,Gyroscope,324275,32655457,5367.510053222656,60.41476149743246
2025-03-01_16-46-39,GyroscopeUncalibrated,324273,32569259,5367.476946044922,60.41476149743246
2025-03-01_16-46-39,Location,5387,1022487,5365.687265869141,1.0
2025-03-01_16-46-39,Magnetometer,536751,49351960,5367.499998046876,100.00000000009095
2025-03-01_16-46-39,MagnetometerUncalibrated,536750,49879550,5367.489998046875,100.00000000009095
2025-03-01_16-46-39,Orientation,536750,93894574,5367.489998535157,100.00000000009095
2025-03-01_16-46-39,TotalAcceleration,324274,30895830,5367.493500244141,60.41476149743246
2025-06-08_20-39-13,Accelerometer,7429,729581,147.50192138671875,50.2046919814611
2025-06-08_20-39-13,AccelerometerUncalibrated,14630,1388846,147.43217944335936,100.4093839629222
2025-06-08_20-39-13,Barometer,5871,443413,147.43757348632815,39.816083909277914
2025-06-08_20-39-13,Compass,14503,816442,147.48052734375,99.99999999994884
2025-06-08_20-39-13,GameOrientation,14552,1447061,147.38236962890625,100.4093839629222
2025-06-08_20-39-13,GeomagneticOrientation,14546,1470816,147.38236962890625,100.4093839629222
2025-06-08_20-39-13,Gravity,14583,1381182,147.51184936523438,100.4093839629222
2025-06-08_20-39-13,Gyroscope,14610,1484753,147.4919228515625,100.4093839629222
2025-06-08_20-39-13,GyroscopeUncalibrated,13938,1410856,147.4371604003906,100.40692258666866
2025-06-08_20-39-13,Location,2999,524896,2944.7908435058594,0.9999848635106141
2025-06-08_20-39-13,LocationGps,2935,483592,2944.7908435058594,0.9999848635106141
2025-06-08_20-39-13,LocationNetwork,195,17673,2942.4899997558596,0.050001250031250465
2025-06-08_20-39-13,Magnetometer,14503,1365522,147.48052734375,99.99999999994884
2025-06-08_20-39-13,MagnetometerUncalibrated,14475,1360479,147.44052929687498,99.99999999994884
2025-06-08_20-39-13,Orientation,14569,2637117,147.43217944335936,100.4093839629222
2025-06-08_20-39-13,TotalAcceleration,14614,1387629,147.46204956054686,100.4093839629222
2025-06-11_20-34-24,Accelerometer,22176,2150269,1649.733283203125,50.207153538666496
2025-06-11_20-34-24,AccelerometerUncalibrated,43853,4120801,1649.6635993652344,100.41430707733299
2025-06-11_20-34-24,Barometer,17863,1347810,1649.6426630859376,39.8187933817113
2025-06-11_20-34-24,Compass,43513,2475397,1649.7224863281251,100.0000000000199
2025-06-11_20-34-24,GameOrientation,43577,4273535,1649.6337270507813,100.41430707704642
2025-06-11_20-34-24,GeomagneticOrientation,43522,4240931,1649.6237429199218,100.41430707704642
2025-06-11_20-34-24,Gravity,43677,4089448,1649.6735581054686,100.41430707704642
2025-06-11_20-34-24,Gyroscope,43668,4362463,1649.7432478027342,100.41184546071482
2025-06-11_20-34-24,GyroscopeUncalibrated,43739,4366883,1649.6835288085936,100.41184546071482
2025-06-11_20-34-24,Location,1737,305897,1646.9986105957032,1.0000009765633864
2025-06-11_20-34-24,LocationGps,1648,268857,1646.9986105957032,1.0000007324225315
2025-06-11_20-34-24,LocationNetwork,95,10393,1649.0471491699218,0.1758705668197592
2025-06-11_20-34-24,Magnetometer,43513,4175728,1649.7224863281251,100.0000000000199
2025-06-11_20-34-24,MagnetometerUncalibrated,43563,4130787,1649.6824787597657,100.0000000000199
2025-06-11_20-34-24,Orientation,43627,7697217,1649.6735581054686,100.41430707704642
2025-06-11_20-34-24,TotalAcceleration,43807,4117011,1649.7133901367188,100.4143070771897
2025-06-14_21-17-02,Accelerometer,48053,4690607,586.0598020019531,99.71274161356548
2025-06-14_21-17-02,AccelerometerUncalibrated,43858,4108648,586.1050146484374,99.71274161300032
2025-06-14_21-17-02,Barometer,5861,442160,585.9999934082031,10.000341808557659
2025-06-14_21-17-02,Compass,48336,2736268,586.1201286621093,99.99755865304398
2025-06-14_21-17-02,Gravity,48210,4482210,586.0698312988281,99.71274161356548
2025-06-14_21-17-02,Gyroscope,48659,4893204,586.0648166503906,99.71274161356548
2025-06-14_21-17-02,GyroscopeUncalibrated,48166,4838894,586.0648166503906,99.71274161356548
2025-06-14_21-17-02,Location,200,33094,582.2890000000001,0.9711769569298614
2025-06-14_21-17-02,Magnetometer,48336,4461243,586.1201286621093,99.99755865304398
2025-06-14_21-17-02,MagnetometerUncalibrated,47782,4321230,586.1101176757812,99.99511742633436
2025-06-14_21-17-02,Orientation,47437,8319553,586.0598020019531,99.71274161356548
2025-06-14_21-17-02,TotalAcceleration,44845,4201113,586.1050146484374,99.71274161300032
2025-06-18_15-09-25,Accelerometer,295392,29001739,5342.767409423828,50.0134313413974
2025-06-18_15-09-25,AccelerometerUncalibrated,526979,50541226,5342.707433837891,100.02197748898146
2025-06-18_15-09-25,Barometer,212715,16121076,5342.6897009277345,39.81221387494636
2025-06-18_15-09-25,Compass,525195,29898677,5342.729839111328,100.00000000009095
2025-06-18_15-09-25,Gravity,524344,50228376,5342.757412353516,100.02197748670673
2025-06-18_15-09-25,Gyroscope,525622,53769083,5342.757412353516,100.02197748670673
2025-06-18_15-09-25,GyroscopeUncalibrated,499644,50993738,5342.707427978516,100.01953507101075
2025-06-18_15-09-25,Location,5241,580367,5340.927180664064,0.9995845232787319
2025-06-18_15-09-25,LocationGps,5248,878307,5341.082856201173,0.9999843752443042
2025-06-18_15-09-25,LocationNetwork,828,65045,5343.133,0.19944157333302678
2025-06-18_15-09-25,Magnetometer,525195,50068384,5342.729839111328,100.00000000009095
2025-06-18_15-09-25,MagnetometerUncalibrated,524402,49411877,5342.699831542969,100.00000000009095
2025-06-18_15-09-25,Orientation,523560,94047389,5342.687439697266,100.02197748670673
2025-06-18_15-09-25,TotalAcceleration,525934,50444445,5342.717433105469,100.02197748670673
2025-06-18_16-52-32,Accelerometer,439011,43266927,7916.464414550781,50.010988742216
2025-06-18_16-52-32,AccelerometerUncalibrated,786804,75429558,7916.424433349609,100.01953506418688
2025-06-18_16-52-32,Barometer,315183,23815125,7916.416416992188,39.81221387458597
2025-06-18_16-52-32,Compass,785608,44620700,7916.455413085938,100.00000000009095
2025-06-18_16-52-32,Gravity,785382,75258767,7916.484412841797,100.01953506418688
2025-06-18_16-52-32,Gyroscope,786777,80846713,7916.47442163086,100.01953506418688
2025-06-18_16-52-32,GyroscopeUncalibrated,752548,77218029,7916.434433105469,100.01709276521116
2025-06-18_16-52-32,Location,8275,1000467,7915.431129394531,1.000303192483644
2025-06-18_16-52-32,LocationGps,7916,1304204,7915.122644287109,0.9999843752443042
2025-06-18_16-52-32,LocationNetwork,1064,93474,7912.664000000001,0.19936204146731967
2025-06-18_16-52-32,Magnetometer,785608,74755880,7916.455413085938,100.00000000009095
2025-06-18_16-52-32,MagnetometerUncalibrated,785099,73763129,7916.435384033203,100.00000000009095
2025-06-18_16-52-32,Orientation,785067,141733282,7916.404400878906,100.01953506418688
2025-06-18_16-52-32,TotalAcceleration,786099,75404390,7916.444424072266,100.01953506418688
2025-06-25_10-24-35,Accelerometer,2285656,225890956,22714.033939697267,100.63634800271454
2025-06-25_10-24-35,AccelerometerUncalibrated,2285657,216989027,22714.04387451172,100.63634800271454
2025-06-25_10-24-35,Compass,2285656,130468268,22714.033939697267,100.63634800271454
2025-06-25_10-24-35,Gravity,2285656,222184643,22714.033939697267,100.63634800271454
2025-06-25_10-24-35,Gyroscope,2285656,234974362,22714.033939697267,100.63634800271454
2025-06-25_10-24-35,GyroscopeUncalibrated,2285656,233690232,22714.056292968748,100.63634800271454
2025-06-25_10-24-35,Location,22667,2849525,22715.14369848633,0.9992638479832926
2025-06-25_10-24-35,Magnetometer,2285656,220063931,22714.033939697267,100.63634800271454
2025-06-25_10-24-35,MagnetometerUncalibrated,2261645,216439975,22714.050229003904,99.64239667247891
2025-06-25_10-24-35,Orientation,2285656,411553680,22714.033939697267,100.63634800271454
2025-06-26_19-07-51,Accelerometer,917291,90312549,9121.218827392579,100.56222533284765
2025-06-26_19-07-51,AccelerometerUncalibrated,917293,86527744,9121.238716552734,100.56222533284765
2025-06-26_19-07-51,Barometer,0,0,,
2025-06-26_19-07-51,Compass,917291,51769077,9121.218827392579,100.56222533284765
2025-06-26_19-07-51,Gravity,917291,86639110,9121.218827392579,100.56222533284765
2025-06-26_19-07-51,Gyroscope,917291,93940269,9121.218827392579,100.56222533284765
2025-06-26_19-07-51,GyroscopeUncalibrated,917292,93001303,9121.228772216797,100.56222533284765
2025-06-26_19-07-51,Location,9064,1885400,9140.592699707031,1.0000080567054914
2025-06-26_19-07-51,Magnetometer,917291,86353393,9121.218827392579,100.56222533284765
2025-06-26_19-07-51,MagnetometerUncalibrated,905578,87056174,9121.24000024414,99.2945625556647
2025-06-26_19-07-51,Orientation,917291,162659217,9121.218827392579,100.56222533284765
2025-06-27_11-54-35,Accelerometer,1792714,176900205,17815.04243286133,100.62645866582736
2025-06-27_11-54-35,AccelerometerUncalibrated,1792715,170459919,17815.04988793945,100.62645866582736
2025-06-27_11-54-35,Barometer,16690,1278844,17812.830494628906,0.9368487117414716
2025-06-27_11-54-35,Compass,1792714,101870943,17815.04243286133,100.62645866582736
2025-06-27_11-54-35,Gravity,1792714,170588437,17815.04243286133,100.62645866582736
2025-06-27_11-54-35,Gyroscope,1792714,184034712,17815.04243286133,100.62645866582736
2025-06-27_11-54-35,GyroscopeUncalibrated,1792709,182970478,17815.043678222657,100.62645866582736
2025-06-27_11-54-35,Location,17768,2318979,17815.430898681643,0.999594890742485
2025-06-27_11-54-35,Magnetometer,1792714,170106490,17815.04243286133,100.62645866582736
2025-06-27_11-54-35,MagnetometerUncalibrated,1774063,169745375,17815.049634765623,99.5697304116306
2025-06-27_11-54-35,Orientation,1792714,323145270,17815.04243286133,100.62645866582736
2025-07-04_17-24-46,Accelerometer,315115,31103900,6270.241259765626,50.193002879736966
2025-07-04_17-24-46,AccelerometerUncalibrated,615958,58938611,6270.550107666016,100.38723591945956
2025-07-04_17-24-46,Barometer,249403,18875417,6270.064872558594,39.803702443540644
2025-07-04_17-24-46,Compass,613037,34923290,6270.668410400391,100.00000000009095
2025-07-04_17-24-46,GameOrientation,608848,60221908,6269.872683349609,100.38477563536522
2025-07-04_17-24-46,GeomagneticOrientation,608045,60047123,6269.862722412109,100.38477563307394
2025-07-04_17-24-46,Gravity,610917,58540669,6269.952349365235,100.38723591716818
2025-07-04_17-24-46,Gyroscope,614620,63384585,6270.734342773438,100.38477563078268
2025-07-04_17-24-46,GyroscopeUncalibrated,579675,59556600,6269.987240234374,100.37985541060938
2025-07-04_17-24-46,Location,6342,1177130,6269.085270996094,0.999986328311723
2025-07-04_17-24-46,LocationGps,6227,1041365,6269.085270996094,0.9999863283114956
2025-07-04_17-24-46,LocationNetwork,436,37897,6268.594,0.04998750373426528
2025-07-04_17-24-46,Magnetometer,613037,59041051,6270.668410400391,100.00000000009095
2025-07-04_17-24-46,MagnetometerUncalibrated,612167,57961721,6270.248399414063,100.00000000009095
2025-07-04_17-24-46,Orientation,609753,107716086,6269.9125058593745,100.3872359148768
2025-07-04_17-24-46,TotalAcceleration,614915,58844077,6269.902564453126,100.38723591831388
2025-07-05_20-59-22,Accelerometer,452489,44768314,9021.237731689453,50.19976959058959
2025-07-05_20-59-22,AccelerometerUncalibrated,889552,84924989,9021.187947021484,100.39953918117918
2025-07-05_20-59-22,Barometer,358955,26946579,9021.176790039062,39.815696871244086
2025-07-05_20-59-22,Compass,885572,49721742,9021.218160644534,100.00000000009095
2025-07-05_20-59-22,GameOrientation,882266,87558873,9021.187950927735,100.39953918117918
2025-07-05_20-59-22,GeomagneticOrientation,881369,86986617,9021.187950927735,100.39953918117918
2025-07-05_20-59-22,Gravity,884409,84490788,9021.237747558594,100.39953918117918
2025-07-05_20-59-22,Gyroscope,887158,91856223,9021.242713867188,100.39953918117918
2025-07-05_20-59-22,GyroscopeUncalibrated,864856,89097736,9021.187946044922,100.39953918117918
2025-07-05_20-59-22,Location,9491,1708499,9018.977896972656,0.9999855959105185
2025-07-05_20-59-22,LocationGps,9017,1449850,9018.12839404297,0.9999855959105185
2025-07-05_20-59-22,LocationNetwork,968,97118,9017.131787109374,0.19794140934281143
2025-07-05_20-59-22,Magnetometer,885572,84498944,9021.218160644534,100.00000000009095
2025-07-05_20-59-22,MagnetometerUncalibrated,886613,83671932,9021.198131103518,100.00000000009095
2025-07-05_20-59-22,Orientation,883275,156294688,9021.217828125,100.39953918117918
2025-07-05_20-59-22,TotalAcceleration,888413,84827610,9021.207868164063,100.39953918117918
2025-07-08_14-12-53,Accelerometer,665568,65408732,6659.057451416016,99.94387916939354
2025-07-08_14-12-53,AccelerometerUncalibrated,665570,63555492,6659.077460449219,99.94387916939354
2025-07-08_14-12-53,Barometer,6280,474085,6656.563337158203,0.9433479917694889
2025-07-08_14-12-53,Compass,665568,37829173,6659.057451416016,99.94387916939354
2025-07-08_14-12-53,Gravity,665568,63475078,6659.057451416016,99.94387916939354
2025-07-08_14-12-53,Gyroscope,665568,66864518,6659.057451416016,99.94387916939354
2025-07-08_14-12-53,GyroscopeUncalibrated,665557,66798142,6659.076213623047,99.94387916939354
2025-07-08_14-12-53,Location,6659,1357599,6658.997969238281,1.0000041504077353
2025-07-08_14-12-53,Magnetometer,665568,62823986,6659.057451416016,99.94387916939354
2025-07-08_14-12-53,MagnetometerUncalibrated,657600,61558582,6659.081033691406,98.74400327937212
2025-07-08_14-12-53,Orientation,665568,116396767,6659.057451416016,99.94387916939354
2025-07-11_13-33-16,Accelerometer,300845,29610327,5978.7006062011715,50.200384837010176
2025-07-11_13-33-16,AccelerometerUncalibrated,592533,56932043,5978.648356445312,100.39953918175216
2025-07-11_13-33-16,Barometer,237852,18052586,5978.624551025391,39.811826912011824
2025-07-11_13-33-16,Compass,590527,33264875,5978.669292236328,100.00000000009095
2025-07-11_13-33-16,GameOrientation,587108,57265083,5978.640870849609,100.39953918160892
2025-07-11_13-33-16,GeomagneticOrientation,586507,57295309,5978.630889404297,100.39953918146567
2025-07-11_13-33-16,Gravity,588648,56658461,5978.7006062011715,100.39953918175216
2025-07-11_13-33-16,Gyroscope,591634,60602599,5978.688171875,100.39953918175216
2025-07-11_13-33-16,GyroscopeUncalibrated,585888,59929717,5978.643363525391,100.39707828941647
2025-07-11_13-33-16,Location,6085,1112770,5977.084137451172,0.9999858400437551
2025-07-11_13-33-16,LocationGps,5961,987869,5978.084151123047,0.9999858400437551
2025-07-11_13-33-16,LocationNetwork,378,34751,5972.3460000000005,0.04998000799680175
2025-07-11_13-33-16,Magnetometer,590527,55418164,5978.669292236328,100.00000000009095
2025-07-11_13-33-16,MagnetometerUncalibrated,589871,56119713,5978.649307373047,100.00000000009095
2025-07-11_13-33-16,Orientation,587760,103303430,5978.650814697266,100.39953918175216
2025-07-11_13-33-16,TotalAcceleration,591857,56890571,5978.650814697266,100.39953918175216
2025-07-18_23-13-43,Accelerometer,279897,27479128,5562.7343974609375,50.19730875685257
2025-07-18_23-13-43,AccelerometerUncalibrated,552387,53143123,5562.632325927734,100.39461751370514
2025-07-18_23-13-43,Barometer,221454,16511386,5562.6317485351565,39.81221387440577
2025-07-18_23-13-43,Compass,548759,30851362,5562.686651123047,100.00000000009095
2025-07-18_23-13-43,GameOrientation,549671,53210610,5562.659704589843,100.394617514851
2025-07-18_23-13-43,GeomagneticOrientation,549244,53660959,5562.649739013672,100.394617514851
2025-07-18_23-13-43,Gravity,550641,53080386,5562.719465576171,100.394617514851
2025-07-18_23-13-43,Gyroscope,551713,56385091,5562.716979003906,100.394617514851
2025-07-18_23-13-43,GyroscopeUncalibrated,520827,53054596,5562.642281005859,100.38969633331877
2025-07-18_23-13-43,Location,5637,1028642,5561.078080322266,0.9999858400442099
2025-07-18_23-13-43,LocationGps,5526,917555,5561.078080322266,0.9999858400442099
2025-07-18_23-13-43,LocationNetwork,310,27474,5560.122,0.04996752111127787
2025-07-18_23-13-43,Magnetometer,548759,52008838,5562.686651123047,100.00000000009095
2025-07-18_23-13-43,MagnetometerUncalibrated,548244,51373191,5562.646637695313,100.00000000009095
2025-07-18_23-13-43,Orientation,550061,96429346,5562.679624267578,100.394617514851
2025-07-18_23-13-43,TotalAcceleration,551714,53091280,5562.6721545410155,100.39461751370514
2025-07-31_23-36-03,Accelerometer,676605,66520436,13449.983067626952,50.2028459709299
2025-07-31_23-36-03,AccelerometerUncalibrated,1334007,128472296,13449.893430175782,100.40446133094233
2025-07-31_23-36-03,Barometer,535488,40529455,13449.887109375002,39.81337480672324
2025-07-31_23-36-03,Compass,1325108,74469551,13449.95282128906,100.00000000009095
2025-07-31_23-36-03,GameOrientation,1326988,129187476,13449.92332446289,100.4044613306558
2025-07-31_23-36-03,GeomagneticOrientation,1325982,129019981,13449.913328369139,100.4044613306558
2025-07-31_23-36-03,Gravity,1329309,128447335,13449.97309008789,100.4044613306558
2025-07-31_23-36-03,Gyroscope,1331474,136153545,13449.963136718749,100.4044613306558
2025-07-31_23-36-03,GyroscopeUncalibrated,1265701,128965647,13449.898425537109,100.39953918347112
2025-07-31_23-36-03,Location,13843,2549802,13449.19786694336,0.9999851076444027
2025-07-31_23-36-03,LocationGps,13450,2241462,13449.19786694336,0.9999851076444027
2025-07-31_23-36-03,LocationNetwork,804,78780,13459.616,0.04998500388866515
2025-07-31_23-36-03,Magnetometer,1325108,125392852,13449.95282128906,100.00000000009095
2025-07-31_23-36-03,MagnetometerUncalibrated,1323725,125633582,13449.902819580077,100.00000000009095
2025-07-31_23-36-03,Orientation,1327997,231809690,13449.943213867187,100.4044613306558
2025-07-31_23-36-03,TotalAcceleration,1331933,128344898,13449.943217041016,100.40446133094233
2025-08-03_18-15-59,Accelerometer,747131,73694023,14898.73956323242,50.18623799231225
2025-08-03_18-15-59,AccelerometerUncalibrated,1457955,140584191,14898.64991064453,100.37001641821273
2025-08-03_18-15-59,Barometer,592879,44781572,14898.648135742189,39.788622941296005
2025-08-03_18-15-59,Compass,1445557,81602688,14898.699937744139,100.00000000009095
2025-08-03_18-15-59,GameOrientation,1448733,140880018,14898.639943115233,100.37001641821273
2025-08-03_18-15-59,GeomagneticOrientation,1447003,141527421,14898.639943115233,100.37001641821273
2025-08-03_18-15-59,Gravity,1452789,140556545,14898.729598632812,100.37001641821273
2025-08-03_18-15-59,Gyroscope,1453734,149124253,14898.727113037106,100.3700164179443
2025-08-03_18-15-59,GyroscopeUncalibrated,1378729,140806627,14898.647418457029,100.36509764641995
2025-08-03_18-15-59,Location,15300,2816507,14897.197526611326,0.9999868165788034
2025-08-03_18-15-59,LocationGps,14893,2472115,14897.197526611326,0.9999865724469088
2025-08-03_18-15-59,LocationNetwork,1067,101924,14893.957040771484,0.0533803073087093
2025-08-03_18-15-59,Magnetometer,1445557,136893321,14898.699937744139,100.00000000009095
2025-08-03_18-15-59,MagnetometerUncalibrated,1443374,137431997,14898.649941650388,100.00000000009095
2025-08-03_18-15-59,Orientation,1450614,253937606,14898.689747070312,100.37001641821273
2025-08-03_18-15-59,TotalAcceleration,1455069,140380692,14898.679788085936,100.37001641821273
2025-09-26_19-03-38,Accelerometer,1662818,163719608,16522.29743457031,100.63387548856838
2025-09-26_19-03-38,AccelerometerUncalibrated,1662819,158098327,16522.304883789064,100.63387548741706
2025-09-26_19-03-38,Barometer,15487,1162166,16519.960600830076,0.9372151644429072
2025-09-26_19-03-38,Compass,1662818,94505714,16522.29743457031,100.63387548856838
2025-09-26_19-03-38,Gravity,1662818,158241898,16522.29743457031,100.63387548856838
2025-09-26_19-03-38,Gyroscope,1662818,170534568,16522.29743457031,100.63387548856838
2025-09-26_19-03-38,GyroscopeUncalibrated,1662818,169649944,16522.308610351563,100.63387548856838
2025-09-26_19-03-38,Location,16506,2090951,16522.483274902344,0.9994039199755387
2025-09-26_19-03-38,Magnetometer,1662818,157196388,16522.29743457031,100.63387548856838
2025-09-26_19-03-38,MagnetometerUncalibrated,1646079,158720639,16522.318264648435,99.58909771760689
2025-09-26_19-03-38,Orientation,1662818,300114001,16522.29743457031,100.63387548856838
2025-09-27_12-54-35,Accelerometer,408425,40167674,8136.526665039063,50.196693587834126
2025-09-27_12-54-35,AccelerometerUncalibrated,797951,76836120,8136.464422607422,100.39953918232514
2025-09-27_12-54-35,Barometer,323822,24054999,8136.454832275391,39.80215530154268
2025-09-27_12-54-35,Compass,789475,44448952,8136.49087133789,100.00000000009095
2025-09-27_12-54-35,GameOrientation,790500,76478054,8136.466931152344,100.39953918175216
2025-09-27_12-54-35,GeomagneticOrientation,789209,77115398,8136.466931152344,100.39953918117918
2025-09-27_12-54-35,Gravity,793446,76625058,8136.526665039063,100.39953918182378
2025-09-27_12-54-35,Gyroscope,794517,81276662,8136.506732421875,100.39953918232514
2025-09-27_12-54-35,GyroscopeUncalibrated,750810,76438829,8136.471893066407,100.394617514851
2025-09-27_12-54-35,Location,10800,1800547,10540.1420234375,0.9999865724455447
2025-09-27_12-54-35,LocationGps,10541,1758975,10540.1420234375,0.9999865724441804
2025-09-27_12-54-35,LocationNetwork,601,56461,10532.805999999999,0.046905415767327714
2025-09-27_12-54-35,Magnetometer,789475,74830116,8136.49087133789,100.00000000009095
2025-09-27_12-54-35,MagnetometerUncalibrated,787841,74383329,8136.4608828125,100.00000000009095
2025-09-27_12-54-35,Orientation,791903,138278650,8136.496796142578,100.39953918175216
2025-09-27_12-54-35,TotalAcceleration,795858,76663349,8136.489320800782,100.39953918232514
2025-09-27_18-10-16,Accelerometer,275298,27065519,2735.6870834960937,100.63387548482658
2025-09-27_18-10-16,AccelerometerUncalibrated,275302,26183527,2735.726823486328,100.63387548453873
2025-09-27_18-10-16,Barometer,2562,195461,2732.7176020507814,0.9367199479500223
2025-09-27_18-10-16,Compass,275298,15623268,2735.6870834960937,100.63387548482658
2025-09-27_18-10-16,Gravity,275298,26237711,2735.6870834960937,100.63387548482658
2025-09-27_18-10-16,Gyroscope,275298,28182604,2735.6870834960937,100.63387548482658
2025-09-27_18-10-16,GyroscopeUncalibrated,275301,28042311,2735.7168903808597,100.63387548453873
2025-09-27_18-10-16,Location,2733,365941,2736.6287258300777,0.9999370156859878
2025-09-27_18-10-16,Magnetometer,275298,26038628,2735.6870834960937,100.63387548482658
2025-09-27_18-10-16,MagnetometerUncalibrated,272402,26282756,2735.7309631347657,99.56488976405207
2025-09-27_18-10-16,Orientation,275298,49373982,2735.6870834960937,100.63387548482658
2025-09-28_20-23-16,Accelerometer,601414,59278216,11998.016105957031,50.19607843160171
2025-09-28_20-23-16,AccelerometerUncalibrated,1179458,113198901,11997.93144604492,100.38969633102728
2025-09-28_20-23-16,Barometer,477594,35883552,11997.954165039064,39.80176853555601
2025-09-28_20-23-16,Compass,1168911,65651529,11997.991733886718,100.00000000009095
2025-09-28_20-23-16,GameOrientation,1171096,113195714,11997.916497314452,100.38969633074083
2025-09-28_20-23-16,GeomagneticOrientation,1169563,113834709,11997.916497314452,100.3896963304544
2025-09-28_20-23-16,Gravity,1174352,112808312,11998.01610961914,100.38969633102728
2025-09-28_20-23-16,Gyroscope,1176194,120548656,11998.013618652345,100.38969633102728
2025-09-28_20-23-16,GyroscopeUncalibrated,1126007,114800759,11997.933935546875,100.38231546040511
2025-09-28_20-23-16,Location,12338,2080571,11997.03084472656,0.9999855959105185
2025-09-28_20-23-16,LocationGps,11996,1966581,11997.171693115231,0.9999855959105185
2025-09-28_20-23-16,LocationNetwork,708,67150,11994.511999999999,0.04705660910074775
2025-09-28_20-23-16,Magnetometer,1168911,110476006,11997.991733886718,100.00000000009095
2025-09-28_20-23-16,MagnetometerUncalibrated,1166962,109784558,11997.941716064452,100.00000000009095
2025-09-28_20-23-16,Orientation,1172679,205274041,11997.946381347656,100.38969633102728
2025-09-28_20-23-16,TotalAcceleration,1176978,113001293,11997.981248046874,100.38969633102728
2025-11-09_17-34-01,Accelerometer,473922,46652787,11090.057815673828,50.19730875685257
2025-11-09_17-34-01,AccelerometerUncalibrated,931597,89762325,11089.968198242188,100.38969633102728
2025-11-09_17-34-01,Barometer,375883,28174754,11089.962955566405,39.79790128329863
2025-11-09_17-34-01,Compass,923781,51784406,11090.02134350586,100.00000000009095
2025-11-09_17-34-01,GameOrientation,925752,89792903,11089.993095214844,100.38969633102728
2025-11-09_17-34-01,GeomagneticOrientation,924692,90076197,11089.973166503905,100.38969633102728
2025-11-09_17-34-01,Gravity,928072,89575518,11090.042887695312,100.38969633102728
2025-11-09_17-34-01,Gyroscope,929764,95142322,11090.032930175781,100.38969633102728
2025-11-09_17-34-01,GyroscopeUncalibrated,879013,89503332,11089.978157714844,100.37985541060938
2025-11-09_17-34-01,Location,11353,1889487,11089.098576171875,1.000001708987121
2025-11-09_17-34-01,LocationGps,11086,1840408,11089.098576171875,1.000001708987121
2025-11-09_17-34-01,LocationNetwork,599,56682,11087.292842041015,0.046945050818016434
2025-11-09_17-34-01,Magnetometer,923781,87018814,11090.02134350586,100.00000000009095
2025-11-09_17-34-01,MagnetometerUncalibrated,922508,88167993,11089.981323974609,100.00000000009095
2025-11-09_17-34-01,Orientation,926862,161534752,11090.003055908202,100.38969633102728
2025-11-09_17-34-01,TotalAcceleration,929951,89632149,11090.008034912109,100.38969633102728
2025-11-16_16-08-14,Accelerometer,584822,57731014,11642.744678466797,50.20407663024953
2025-11-16_16-08-14,AccelerometerUncalibrated,1153405,111127530,11642.627680664062,100.40446133352101
2025-11-16_16-08-14,Barometer,463410,34219656,11642.64328881836,39.80486287897342
2025-11-16_16-08-14,Compass,1142380,64064564,11642.701070312498,100.00000000009095
2025-11-16_16-08-14,GameOrientation,1147522,110984546,11642.665017578125,100.40446133122884
2025-11-16_16-08-14,GeomagneticOrientation,1146758,111192278,11642.655060058594,100.40446133122884
2025-11-16_16-08-14,Gravity,1149369,110806406,11642.724767822267,100.40446133151536
2025-11-16_16-08-14,Gyroscope,1151126,118142779,11642.72723876953,100.40446133180188
2025-11-16_16-08-14,GyroscopeUncalibrated,1097328,111918332,11642.637635498048,100.40200019587762
2025-11-16_16-08-14,Location,11744,1998604,11640.459094726562,1.00000122070527
2025-11-16_16-08-14,LocationGps,11510,1900937,11624.083102783203,1.00000122070527
2025-11-16_16-08-14,LocationNetwork,767,64445,11639.10962890625,0.0499675211112773
2025-11-16_16-08-14,Magnetometer,1142380,108129259,11642.701070312498,100.00000000009095
2025-11-16_16-08-14,MagnetometerUncalibrated,1143523,109263450,11642.641061523436,100.00000000009095
2025-11-16_16-08-14,Orientation,1148384,200329098,11642.704838378906,100.40446133122884
2025-11-16_16-08-14,TotalAcceleration,1151829,111006414,11642.67746875,100.40446133180188
