stem,source,recording,model,family,platform,app,utc_named,rows,fixes,span_s,fix_rate_hz,km,hours,h_acc,h_acc_p95,v_acc,s_acc,sentinels,speed_kmh,lat_min,lat_max,lon_min,lon_max,alt_min,alt_max,baro_rows,grav_10hz_pinned
2023-08-04_21-47-58,2023-08-04_21-47-58,2023-08-04_21-47-58,Pixel 6a,Pixel 6a,Android,1.18.0,True,88087,8034,8808.6,0.9120632109529323,158.34638966600735,2.4468333333333336,1.9512464404106145,18.596710681915283,2.480944156646729,0.17747519910335535,0,87.34988136291504,40.10249502354231,41.16373623912393,-75.67862077187267,-75.27507562910971,9.447891079612385,581.8424577211116,88087,0.5662015961492616
2023-08-06_14-48-05,2023-08-06_14-48-05,2023-08-06_14-48-05,Pixel 6a,Pixel 6a,Android,1.18.0,True,89196,8920,8919.5,1.0000560569538652,169.11762002376645,2.477638888888889,1.9509601593017578,2.553737390041351,2.4382548332214355,0.17327515780925745,0,77.08649482727051,40.02514068740483,41.163737115601016,-75.57339005497924,-75.22048236384347,-21.08163588064772,584.0593549081555,89194,0.8349926005650478
2023-08-09_12-47-42,2023-08-09_12-47-42,2023-08-09_12-47-42,Pixel 6a,Pixel 6a,Android,1.18.0,True,52083,5174,5208.2,0.9934334318958565,32.146061949004945,1.4467222222222222,2.580578565597534,5.542469453811645,3.099028706550598,0.2287389636039734,0,3.273687279224396,40.04060437085198,40.19791660175547,-75.24111626682719,-75.05969335792592,5.792908992404018,97.77631546659931,52083,0.6203751704010906
2023-08-09_16-37-41,2023-08-09_16-37-41,2023-08-09_16-37-41,Pixel 6a,Pixel 6a,Android,1.18.0,True,25791,2579,2579.0,1.0,40.98770706520589,0.7163888888888889,2.1977267265319824,4.59014286994934,2.7048285007476807,0.2023708373308181,0,62.79438400268555,40.025148874747465,40.19224800029078,-75.32389119315377,-75.08315780740286,-25.32761930878324,71.0898922402189,25791,0.5002132526850451
2024-06-20_16-55-50,2024-06-20_16-55-50,2024-06-20_16-55-50,Pixel 6a,Pixel 6a,Android,1.35.0,True,84126,8391,8412.5,0.997444279346211,192.3154820775407,2.336805555555556,7.7870635986328125,9.937775135040283,3.004232168197632,0.2303473204374313,0,98.58538970947266,40.02515332821833,41.3097462448218,-76.0943311659498,-75.22048311308416,-19.80557406965764,559.3931780726654,84126,0.5804745263057794
2025-03-01_15-04-26,2025-03-01_15-04-26,2025-03-01_15-04-26,SM-S921U,Samsung SM-S921U,Android,1.41.1,True,54484,5457,5448.3,1.001596828368482,114.17840457771442,1.5134166666666666,3.799000024795532,3.816999912261963,1.320585012435913,0.0770527049899101,0,83.91612167358399,40.0255889,40.3656893,-76.1784814,-75.2205269,-18.700000762939453,257.8983249017243,54484,0.6770428015564203
2025-03-01_16-46-39,2025-03-01_16-46-39,2025-03-01_16-46-39,SM-S921U,Samsung SM-S921U,Android,1.41.1,True,53665,5386,5366.4,1.0036523553965415,113.61984094595442,1.4906666666666666,3.79800009727478,3.816999912261963,1.2999999523162842,0.08040166273713105,0,82.87109184265138,40.0251302,40.3658185,-76.1803025,-75.220475,-27.473553679344008,276.4058498227532,53665,0.6291810304667846
2025-06-11_20-34-24_A,2025-06-11_20-34-24,2025-06-11_20-34-24,Pixel 9 Pro,Pixel 9 Pro / Pro XL,Android,1.43.3,True,4109,411,410.8,1.0004868549172345,2.0763890428796734,0.1141111111111111,6.63265323638916,14.540816307067871,3.0,0.4600000083446502,0,15.659999656677247,39.98105300590396,39.9863385502249,-75.16874478198588,-75.15131193213165,-12.0,53.0,4109,0.151375030421027
2025-06-14_21-17-02,2025-06-14_21-17-02,2025-06-14_21-17-02,SM-A146U,Samsung SM-A146U,Android,1.43.3,True,5860,197,585.9,0.3362348523638846,12.67159202962098,0.16275,12.208999633789062,899.9990234375,0.7165302038192749,0.3900353610515594,9,2.0591792821884156,40.0720701,40.0938614,-75.2881901,-75.2397738,10.8490464108283,76.07688670441934,5860,0.00017064846416382253
2025-06-18_15-09-25,2025-06-18_15-09-25,2025-06-18_15-09-25,Pixel 9 Pro XL,Pixel 9 Pro / Pro XL,Android,1.43.3,True,53421,5248,5342.0,0.9824035941594909,148.8931244118919,1.4838888888888888,8.163265228271484,15.816326141357422,3.0,0.3799999952316284,0,111.38399505615234,39.0174815710634,39.66234928462654,-76.97820036672056,-75.69031557999551,-39.0,85.0,53421,0.9054304486999495
2025-06-18_16-52-32,2025-06-18_16-52-32,2025-06-18_16-52-32,Pixel 9 Pro XL,Pixel 9 Pro / Pro XL,Android,1.43.3,True,79163,7916,7916.2,0.9999747353528208,144.8980091993545,2.1989444444444444,5.102040767669678,11.352041006088257,2.0,0.2000000029802322,0,74.23199615478516,38.930604946799576,39.70147123094648,-75.69064666517079,-74.81598601676524,-47.0,30.0,79162,0.9026312797645365
2025-06-27_11-54-35,2025-06-27_11-54-35,2025-06-27_11-54-35,iPhone 12 mini,iPhone 12/13 mini,iOS,1.43.3,True,178149,17767,17814.8,0.9973168376855199,402.28725856853214,4.948555555555555,10.0,13.912626481548227,19.0,0.2,0,99.08200000000001,40.09443333333334,42.07036666666666,-75.2904471860304,-72.10640000000001,-30.106072074733675,172.57909624651074,16689,0.9270329892393446
2025-07-04_17-24-46,2025-07-04_17-24-46,2025-07-04_17-24-46,Pixel 9 Pro,Pixel 9 Pro / Pro XL,Android,1.43.3,True,62692,6227,6269.1,0.9932845224992423,137.43895285908468,1.7414166666666668,6.63265323638916,14.285714149475098,2.0,0.25,0,93.56399917602539,39.15655272547156,40.04069896414876,-75.22906724363565,-74.5555882807821,-49.0,61.0,62692,0.9074071119761339
2025-07-05_20-59-22,2025-07-05_20-59-22,2025-07-05_20-59-22,Pixel 9 Pro,Pixel 9 Pro / Pro XL,Android,1.43.3,True,90186,9017,9018.5,0.9998336752231524,138.536261337398,2.505138888888889,7.142857074737549,14.285714149475098,3.0,0.3100000023841858,5,55.11599807739258,39.155701040290296,40.03215902019292,-75.22859467193484,-74.54917956143618,-48.0,48.0,90186,0.9387800361487199
2025-07-08_14-12-53,2025-07-08_14-12-53,2025-07-08_14-12-53,iPhone 13 mini,iPhone 12/13 mini,iOS,1.44,True,66592,6658,6659.1,0.9998348125122013,96.20028265855925,1.84975,2.4566302269628424,8.526837310743755,3.0,1.5564999749157795,0,54.79240839255656,39.98268690576317,40.08505987856388,-76.22198153513169,-75.21726250461194,-20.89727809652686,222.17354706767944,6279,0.23339139836617012
2025-07-11_13-33-16,2025-07-11_13-33-16,2025-07-11_13-33-16,Pixel 9 Pro,Pixel 9 Pro / Pro XL,Android,1.43.3,True,59786,5961,5978.5,0.9970728443589529,136.18874879164596,1.6606944444444445,1.530612230300903,3.061224460601806,1.0,0.1199999973177909,0,97.91999588012696,39.155573886819184,40.03219426609576,-75.22906875237823,-74.55556045286357,-34.0,48.0,59786,0.886863145217944
2025-07-18_23-13-43,2025-07-18_23-13-43,2025-07-18_23-13-43,Pixel 9 Pro,Pixel 9 Pro / Pro XL,Android,1.44.0,True,55622,5526,5562.1,0.993509645637439,152.14599039244283,1.545027777777778,1.530612230300903,3.5714285373687744,1.0,0.1299999952316284,0,109.43999862670901,40.02557423897088,41.11126388423145,-75.67857831716537,-75.2215635124594,-22.0,538.0,55622,0.8232354104491029
2025-07-31_23-36-03,2025-07-31_23-36-03,2025-07-31_23-36-03,Pixel 9 Pro,Pixel 9 Pro / Pro XL,Android,1.44.0,True,134496,13450,13449.5,1.0000371761032008,304.64528210037804,3.7359722222222222,1.530612230300903,4.591836929321289,1.0,0.1299999952316284,0,88.48799972534178,40.04056200385094,40.99571251776069,-75.24112494662404,-72.55279806442559,-33.0,97.0,134496,0.8409097668332144
2025-08-03_18-15-59,2025-08-03_18-15-59,2025-08-03_18-15-59,Pixel 9 Pro,Pixel 9 Pro / Pro XL,Android,1.44.0,True,148973,14892,14897.2,0.9996509411164514,298.2285254822921,4.138111111111112,1.530612230300903,3.5714285373687744,1.0,0.1400000005960464,0,84.16799697875977,40.04079661332071,40.96805688925088,-75.24123701266944,-72.63360950164497,-38.0,95.0,148973,0.8380903794001557
2025-09-26_19-03-38,2025-09-26_19-03-38,2025-09-26_19-03-38,iPhone 12 mini,iPhone 12/13 mini,iOS,1.46,True,165223,16505,16522.2,0.9989589764075002,497.1551664653962,4.5895,5.0,10.0,9.5,0.2,0,122.97280000000005,39.95471666666666,40.68018333333333,-80.10602151864487,-75.27476698590077,0.0,687.092601172626,15486,0.976377380873123
2025-09-27_12-54-35,2025-09-27_12-54-35,2025-09-27_12-54-35,Pixel 9 Pro,Pixel 9 Pro / Pro XL,Android,1.46.0,True,81361,8136,8136.0,1.0,213.01934383531807,2.26,2.040816307067871,4.081632614135742,1.0,0.1400000005960464,0,108.86399917602539,40.0255756219849,40.275240456685424,-77.39760498516262,-75.21744824945927,-18.0,195.0,81361,0.8539718046730006
2025-09-27_18-10-16,2025-09-27_18-10-16,2025-09-27_18-10-16,iPhone 12 mini,iPhone 12/13 mini,iOS,1.46,True,27348,2731,2734.7,0.9986470179544374,56.33387481503218,0.7596388888888889,10.0,10.0,19.0,0.2,0,89.08120000000001,40.13121666666667,40.25538937893573,-75.22209229847498,-74.70168511135618,-13.63050482608378,0.0,2560,0.9255521427526693
2025-09-28_20-23-16,2025-09-28_20-23-16,2025-09-28_20-23-16,Pixel 9 Pro,Pixel 9 Pro / Pro XL,Android,1.46.0,True,119979,11996,11997.8,0.9998499724949574,286.2860920465528,3.332722222222222,2.040816307067871,3.061224460601806,1.0,0.1299999952316284,0,99.07199478149414,39.65419838670641,40.24592994712293,-77.70860770717263,-75.22050269879401,-19.0,373.0,119979,0.8735695413364005
2025-11-09_17-34-01_A,2025-11-09_17-34-01,2025-11-09_17-34-01,Pixel 9 Pro,Pixel 9 Pro / Pro XL,Android,1.48.0,True,38535,3854,3853.4,1.000155706648674,107.97260843201944,1.0703888888888888,1.530612230300903,3.061224460601806,1.0,0.1199999973177909,0,106.12799835205078,40.43352113105357,40.798675222322345,-77.81854550354183,-77.01199938543141,81.0,526.0,38535,0.8945114830673414
2025-11-09_17-34-01_B,2025-11-09_17-34-01,2025-11-09_17-34-01,Pixel 9 Pro,Pixel 9 Pro / Pro XL,Android,1.48.0,True,5582,559,558.1,1.0016126142268411,1.1264224857536234,0.1550277777777778,2.040816307067871,3.061224460601806,1.0,0.0099999997764825,0,0.0,40.209876364097,40.21080424077809,-76.75521525554359,-76.74273904412985,78.0,86.0,5582,0.9605876030096739
2025-11-09_17-34-01_C,2025-11-09_17-34-01,2025-11-09_17-34-01,Pixel 9 Pro,Pixel 9 Pro / Pro XL,Android,1.48.0,True,50237,5020,5023.6,0.9992833824349072,141.8180689628249,1.3954444444444445,2.040816307067871,3.061224460601806,1.0,0.3100000023841858,0,114.6240005493164,40.025126603432,40.24593204259872,-76.74273728393018,-75.22737259045243,-21.0,185.0,50237,0.8723848955948803
2025-11-16_16-08-14,2025-11-16_16-08-14,2025-11-16_16-08-14,Pixel 9 Pro,Pixel 9 Pro / Pro XL,Android,1.48.0,True,116252,11510,11625.1,0.9900990099009901,239.051040746172,3.2291944444444445,2.040816307067871,4.591836929321289,1.0,0.1400000005960464,0,89.58599739074707,38.870161031372845,40.07165270391852,-77.02617435716093,-75.2273083012551,-39.0,90.0,116252,0.8876062347314455
