trajectory,geo_rmse,geo_mean,geo_median,geo_std,geo_max,geo_min,baseline_rmse,baseline_mean,baseline_median,baseline_std,baseline_max,baseline_min,diff_rmse,diff_mean,diff_median
2025-07-11_13-33-16,1635.8697730521428,1324.9000035873105,1093.3204142174968,959.5362915908986,4417.628892198985,7.778366860429806,920481.6167774166,784198.6868456632,787953.0420940756,481994.63313890144,1736127.4847809472,13.83061867425081,-918845.7470043644,-782873.7868420759,-786859.721679858
2025-06-11_20-34-24,3057.148944605229,2369.2239851423424,1800.3711747085604,1932.0811001940647,8754.994942501537,10.65737931923377,26149.966085544907,21363.37671892094,20163.50879993887,15080.678414468484,48221.64352301663,10.42084805924215,-23092.81714093968,-18994.152733778596,-18363.13762523031
2025-07-08_14-12-53,22780.816580716233,17890.549836210575,13159.829760350449,14102.972404507547,52332.52009996669,21.24168675187195,2569933.1627092296,2012232.9737803126,1744242.0458880793,1598585.2870660052,4888288.459414105,29.31609264845508,-2547152.3461285136,-1994342.423944102,-1731082.2161277288
2025-11-16_16-08-14,3561.5976444350677,2539.1472487922947,1541.713439435107,2497.5405962258037,12534.39337765414,7.310580814300001,2264355.706037772,1880060.4444303473,1681138.120515094,1262014.0604423485,4090480.9227062534,34.513027764684495,-2260794.1083933366,-1877521.297181555,-1679596.407075659
2025-03-01_16-46-39,1675.428785224349,1308.6120799281598,1038.5610856931432,1046.2294388060557,5383.39932094228,3.01596177982852,308366.66031847,278960.27219684183,311532.7682382085,131419.79961874298,459670.5591377787,15.076456003106196,-306691.23153324565,-277651.66011691367,-310494.20715251536
2024-06-20_16-55-50,2506.1766430425223,1901.1382836950825,1312.2849744375735,1632.9710935594671,8028.6141044264505,14.294119433571497,3055414.707111376,2546504.6716292016,2388014.4717955654,1688452.8390817286,5771984.166912541,17.609019023992186,-3052908.5304683335,-2544603.5333455065,-2386702.186821128
2023-08-04_21-47-58,11343.01916879557,6089.068835799136,2583.085843018003,9570.12667505313,48438.977529995296,17.8017000383338,1329604.5955382176,993979.7543385852,777551.2724369792,883092.6499758408,3666675.5094519877,19.15399553655171,-1318261.576369422,-987890.6855027861,-774968.1865939612
2025-09-28_20-23-16,4567.576695697558,3308.5858059952698,2246.296564539692,3148.970758112252,15936.84562587127,5.596967260221135,2850934.872039248,2396695.450067648,2429454.324821957,1543917.2789480914,5079008.080985415,14.945412592270358,-2846367.2953435504,-2393386.864261653,-2427208.028257417
2025-07-18_23-13-43,4479.604490158109,3100.098475154861,1944.9778404950612,3233.6118865113044,16983.37051082083,13.16187923779203,867641.9853945167,719072.7933867661,663076.175914709,485527.47875922744,1696464.2027693335,12.379728122203753,-863162.3809043586,-715972.6949116113,-661131.1980742139
2025-08-03_18-15-59,4848.590563765876,3085.399320811324,1616.6444910179744,3740.2060753622272,18951.3101628794,4.4486100150247045,4115131.1031085313,3347675.6847637235,2865229.67642804,2393192.7430553883,7534028.32647029,21.946435204264738,-4110282.5125447656,-3344590.285442912,-2863613.031937022
2025-07-04_17-24-46,1363.4380578828316,1046.4587323786925,767.9027567936841,874.0065555313001,4191.7883700301545,4.895371626790883,946718.0066508964,796217.9231716763,804588.7532366156,512164.0390902404,1820389.9093905631,6.544153205064951,-945354.5685930136,-795171.4644392977,-803820.8504798219
2023-08-06_14-48-05,2986.7393628719174,2273.652857230073,1804.647552042129,1936.7794677087197,11341.42808866526,18.25396829086996,2129308.290506716,1805934.5062756462,1882807.7596816272,1128075.5094689229,3840406.7391789393,18.817368012316,-2126321.551143844,-1803660.853418416,-1881003.1121295851
2025-07-05_20-59-22,4330.690783583603,2538.118181077521,992.9508246838012,3508.965483144525,17313.61271767971,1.2648468965533781,1726478.193797513,1457645.665829476,1769552.221033729,925200.554770081,2506138.0717992885,1.4962558086288262,-1722147.5030139294,-1455107.5476483984,-1768559.2702090451
2025-09-27_12-54-35,3984.566662339977,2496.7070930013824,2023.8972568024724,3105.3542758255035,56868.81872552232,15.833328745234724,2343809.986740099,1950477.7570309832,1891729.4459731784,1299646.7878889279,4157261.338742018,15.929244264164735,-2339825.420077759,-1947981.0499379819,-1889705.5487163758
2025-11-09_17-34-01,6004.679449989019,3546.4052928404376,1898.8637321969268,4845.532457432698,32789.81079767227,11.34526565921245,1694414.6443315966,1289419.982596178,934880.4644087822,1099289.3592712716,4142138.052269812,24.162642874080397,-1688409.9648816076,-1285873.5773033376,-932981.6006765852
2023-08-09_16-37-41,2663.0016958231004,2163.903097507549,1894.313670802731,1552.1280284029222,5765.51103068653,18.405200040450573,61764.9545366671,35892.408600686984,9545.423269770014,50265.739960313775,150070.43625520848,21.140961231405388,-59101.952840844,-33728.50550317943,-7651.109598967283
2023-08-09_12-47-42,17747.330854824293,10134.964581721233,1347.4401586004992,14568.810706363596,49443.638529772164,18.621171242856793,676329.6617565886,581823.5257245683,651207.8666501367,344823.4276919335,1038329.0457744409,21.619696716127272,-658582.3309017643,-571688.5611428471,-649860.4264915362
2025-06-18_15-09-25,29619.688782705747,22986.560340649557,22873.573029063988,18680.043021631976,68233.2220319585,8.781310037757962,197005.14059979713,178450.98644602584,192530.25552160598,83464.18908242106,297390.30963641446,14.334036830529719,-167385.45181709138,-155464.42610537627,-169656.682492542
2025-07-31_23-36-03,4575.968715615674,3271.407198395544,2247.4615031853996,3199.5913221189953,19642.693342282848,15.443420734743839,3360362.222844661,2795978.0390070365,2469627.274120107,1864012.0906560349,6105056.019787539,14.800306399882738,-3355786.2541290456,-2792706.631808641,-2467379.8126169215
2025-03-01_15-04-26,1406.6493796605816,1126.9356965406448,873.620120270853,841.8303945344047,5576.397571930811,12.871298696696474,77718.93194346213,68449.8795259548,70818.16733551612,36808.237872992126,136712.79005769728,15.543269000155965,-76312.28256380155,-67322.94382941416,-69944.54721524527
2025-06-18_16-52-32,8378.012063041197,6746.572173961758,5637.6817803106815,4967.378587342496,21366.453144938536,12.020677271713081,1484622.9548756268,1327670.4550950765,1626380.778004938,664376.7611914714,2014394.2942800696,11.487660753833163,-1476244.9428125857,-1320923.8829211148,-1620743.0962246275
